image_path,d10,d50,d90
data/dataset/renders/render_0000.png,1.8160788395754668,5.687155807391292,10.349005365319668
data/dataset/renders/render_0001.png,2.0613581655345343,6.358752263237934,11.418461154136843
data/dataset/renders/render_0002.png,1.9536154829732097,6.6879436278675755,11.993988486260928
data/dataset/renders/render_0003.png,1.9561819077422664,6.261948224207412,11.920444591053695
data/dataset/renders/render_0004.png,2.295967960462144,7.0974122534027,11.932937308069404
data/dataset/renders/render_0005.png,2.94925215515396,8.038922778197744,12.606491441012013
data/dataset/renders/render_0006.png,2.071074675893721,7.495915424837516,12.549021234512395
data/dataset/renders/render_0007.png,2.712041975181853,7.411361536801284,12.384741751007015
