image_path,d10,d50,d90
data/dataset/renders/render_0.png,1.8160788395754668,5.687155807391292,10.349005365319668
data/dataset/renders/render_1.png,2.0613581655345343,6.358752263237934,11.418461154136843
data/dataset/renders/render_2.png,1.9536154829732097,6.6879436278675755,11.993988486260928
data/dataset/renders/render_3.png,1.9561819077422664,6.261948224207412,11.920444591053695
data/dataset/renders/render_4.png,2.295967960462144,7.0974122534027,11.932937308069404
